rank	sample	Weighted UniFrac error	Unweighted UniFrac error	L1 norm error	Completeness	Purity	F1 score	True positives	False positives	False negatives	Taxon counts	Jaccard index	Shannon diversity	Shannon equitability	Bray-Curtis distance
superkingdom		0.10580849680952381	0.8529227614934651	0.9832	1.0	1.0	1.0	1.0	0.0	0.0	1.0	1.0	0.06865112339522512	0.0	0.9669551534225018
phylum		0.10580849680952381	0.8529227614934651	0.983199	0.5	1.0	0.6666666666666666	3.0	0.0	3.0	3.0	0.5	0.08118600601631362	0.07389868732921108	0.9669551209236044
class		0.10580849680952381	0.8529227614934651	0.9830999999999999	0.4166666666666667	1.0	0.5882352941176471	5.0	0.0	7.0	5.0	0.4166666666666667	0.08365953894977826	0.051980594158647773	0.9667617268167961
order		0.10580849680952381	0.8529227614934651	1.006499	0.35714285714285715	0.625	0.45454545454545453	5.0	3.0	9.0	8.0	0.29411764705882354	0.08872784523579375	0.04266907410348103	0.9897728289633485
family		0.10580849680952381	0.8529227614934651	0.9284960000000001	0.0625	0.125	0.08333333333333333	1.0	7.0	15.0	8.0	0.043478260869565216	0.08872784523579375	0.04266907410348103	0.9989241481404977
genus		0.10580849680952381	0.8529227614934651	0.9294969999999999	0.0	0.0	na	0.0	8.0	22.0	8.0	0.0	0.08872784523579375	0.04266907410348103	1.0
species		0.10580849680952381	0.8529227614934651	0.8635230000000002	0.0	0.0	na	0.0	9.0	21.0	9.0	0.0	0.08975770098472667	0.04085049016407026	1.0
strain		0.10580849680952381	0.8529227614934651	1.016899	0.0	0.0	na	0.0	11.0	40.0	11.0	0.0	0.09106640337754854	0.03797763997894413	1.0
